<!DOCTYPE suite SYSTEM "http://testng.org/testng-1.0.dtd">
<suite name="Intellicta">

	<listeners>
		<listener
			class-name="com.Intellicta.qa.ExtentreportListener.ExtentReporterNG" />
	</listeners>

	<test name="Rules">
		<classes>
			<class
				name="com.Intellicta.qa.TestCases.CreateRiskMangerPageTest" />
			<class
				name="com.Intellicta.qa.TestCases.CreateEntitymanagerpageTest" />
			<class
				name="com.Intellicta.qa.TestCases.CreateControlManagerpageTest" />

		</classes>
	</test>



	<test name="ReportManager">
		<classes>
			<class
				name="com.Intellicta.qa.TestCases.ReportManager_PageTest" />
		</classes>
	</test>


	<test name="UserLogins">
		<classes>
			<class
				name="com.Intellicta.qa.TestCases.YMCAorganizationPageTest" />
		</classes>
	</test>

</suite>
